ID,Código,Título,Autor,Precio,Stock,Categoría,ÚltimoComprador
21,DC006,All-Star Superman,Grant Morrison,15500,3,DC/Superman,
22,DC007,Superman: For All Seasons,Jeph Loeb,14200,2,DC/Superman,
23,DC008,Superman: Birthright,Mark Waid,13600,2,DC/Superman,
24,DC009,Batman: The Long Halloween,Jeph Loeb,16000,2,DC/Batman,
25,DC010,Batman: Hush,Jeph Loeb,14500,3,DC/Batman,
26,DC011,Batman: Arkham Asylum,Grant Morrison,16200,1,DC/Batman,
27,DC012,Batman: Knightfall,Doug Moench,15800,2,DC/Batman,
28,DC013,Kingdom Come,Mark Waid,15500,2,DC/Otros,
29,DC014,Identity Crisis,Brad Meltzer,14000,1,DC/Otros,
30,DC015,Green Lantern: Rebirth,Geoff Johns,13200,2,DC/Green Lantern,
31,DC016,The Flash: Rebirth,Geoff Johns,13000,2,DC/Flash,
32,DC017,Crisis on Infinite Earths,Marv Wolfman,17000,1,DC/Otros,
33,MAR006,The Amazing Spider-Man: The Night Gwen Stacy Died,Gerry Conway,14000,2,Marvel/Spider-Man,
34,MAR007,Spider-Man: Kraven’s Last Hunt,J.M. DeMatteis,13500,2,Marvel/Spider-Man,
35,MAR008,X-Men: The Dark Phoenix Saga,Chris Claremont,15500,3,Marvel/X-Men,
36,MAR009,"X-Men: God Loves, Man Kills",Chris Claremont,13300,2,Marvel/X-Men,
37,MAR010,X-Men: Mutant Genesis,Jim Lee,12800,2,Marvel/X-Men,
38,MAR011,Avengers: Under Siege,Roger Stern,13800,2,Marvel/Avengers,
39,MAR012,Avengers: The Kree/Skrull War,Roy Thomas,13200,1,Marvel/Avengers,
40,MAR013,Iron Man: Demon in a Bottle,David Michelinie,12500,2,Marvel/Iron Man,
41,MAR014,Captain America: Winter Soldier,Ed Brubaker,14800,2,Marvel/Captain America,
42,MAR015,Captain America: The Death of Captain America,Ed Brubaker,14600,1,Marvel/Captain America,
43,MAR016,Marvels,Kurt Busiek & Alex Ross,16500,2,Marvel/Otros,
44,MAR017,Secret Wars,Jim Shooter,15000,2,Marvel/Otros,
45,MAR018,Civil War,Mark Millar,17500,2,Marvel/Otros,
46,MAR019,Planet Hulk,Greg Pak,15500,1,Marvel/Hulk,
47,MAR020,Old Man Logan,Mark Millar,16200,2,Marvel/Otros,
48,MAR021,Thor: God of Thunder,Jason Aaron,14300,1,Marvel/Thor,
49,OTR001,The Walking Dead: Days Gone Bye,Robert Kirkman,12800,2,Otros/The Walking Dead,
50,OTR002,Saga: Volumen Uno,Brian K. Vaughan,13900,3,Otros/Saga,
51,OTR003,Hellboy: Seed of Destruction,Mike Mignola,12000,2,Otros/Hellboy,
52,OTR004,Sin City: The Hard Goodbye,Frank Miller,13000,2,Otros/Sin City,
53,OTR005,V for Vendetta,Alan Moore,14500,2,Otros/V for Vendetta,
54,OTR006,Bone: Out from Boneville,Jeff Smith,11000,1,Otros/Bone,
55,OTR007,Scott Pilgrim's Precious Little Life,Bryan Lee O'Malley,12000,2,Otros/Scott Pilgrim,
56,OTR008,Maus,Art Spiegelman,13500,2,Otros/Maus,